<?xml version="1.0" encoding="UTF-8"?>
    <addon id="repository.kayn" name="Kayn's Repository" version="1.1.4" provider-name="Kayn">
        <requires>
            <import addon="xbmc.addon" version="12.0.0"/>
        </requires>
        <extension point="xbmc.addon.repository" name="Kayn's Repository">
            <info compressed="false">https://raw.githubusercontent.com/kaynfiretvguru/Kayn/master/_repo/addons.xml</info>
            <checksum>https://raw.githubusercontent.com/kaynfiretvguru/Kayn/master/_repo/addons.xml.md5</checksum>
            <datadir zip="true">https://raw.githubusercontent.com/kaynfiretvguru/Kayn/master/_repo/</datadir>
            <hashes>false</hashes>
        </extension>
        <extension point="xbmc.addon.metadata">
            <summary>A Simple Repository</summary>
            <description>Repository for media and dependencies hosted and/or created by Kayn.</description>
            <platform>all</platform>
    </extension>
</addon>