<?xml version="1.0" encoding="UTF-8"?>
    <addon id="repository.eldritchbuild" name="Eldritch Repo" version="1.1.0" provider-name="Kayn">
        <requires>
            <import addon="xbmc.addon" version="12.0.0"/>
        </requires>
        <extension point="xbmc.addon.repository" name="Eldritch Repo">
            <info compressed="false">https://raw.githubusercontent.com/kaynfiretvguru/Eldritch/master/_repo/addons.xml</info>
            <checksum>https://raw.githubusercontent.com/kaynfiretvguru/Eldritch/master/_repo/addons.xml.md5</checksum>
            <datadir zip="true">https://raw.githubusercontent.com/kaynfiretvguru/Eldritch/master/_repo/</datadir>
            <hashes>false</hashes>
        </extension>
        <extension point="xbmc.addon.metadata">
            <summary>Repository for the Eldritch Build</summary>
            <description>Eldritch Build Repository</description>
            <platform>all</platform>
    </extension>
</addon>